NewCompletedTrajs,StepsInTrajWindow,Iteration,CumTime (s),CumSteps,CumCompletedTrajs,CumUpdates,StepsPerSecond,UpdatesPerSecond,ReplayRatio,CumReplayRatio,LengthAverage,LengthStd,LengthMedian,LengthMin,LengthMax,ReturnAverage,ReturnStd,ReturnMedian,ReturnMin,ReturnMax,NonzeroRewardsAverage,NonzeroRewardsStd,NonzeroRewardsMedian,NonzeroRewardsMin,NonzeroRewardsMax,DiscountedReturnAverage,DiscountedReturnStd,DiscountedReturnMedian,DiscountedReturnMin,DiscountedReturnMax,lossAverage,lossStd,lossMedian,lossMin,lossMax,gradNormAverage,gradNormStd,gradNormMedian,gradNormMin,gradNormMax,entropyAverage,entropyStd,entropyMedian,entropyMin,entropyMax,perplexityAverage,perplexityStd,perplexityMedian,perplexityMin,perplexityMax
24,19200,2,44.674251556396484,19200,24,96,429.7777652919836,2.1488888264599177,32.0,32.0,800.0,0.0,800.0,800,800,-581.7118757431907,207.57253169114733,-567.9713335272238,-799.4358860653331,-86.29295262162313,800.0,0.0,800.0,800,800,-88.06559853415261,14.618332547061124,-97.54147495535693,-99.79370708978054,-52.75874063756951,87.30597233772278,14.495026898080006,84.0826644897461,65.83514404296875,112.57819366455078,596766.1138055021,142957.76342568203,521973.5236367411,432076.9422186354,817724.2218434397,16.98422880967458,0.018912221232050642,16.974042892456055,16.96573257446289,17.027315139770508,23784146.708333332,452217.59721795615,23540313.0,23352494.0,24822454.0
24,38400,5,90.59175634384155,38400,48,192,418.14118796040793,2.0907059398020396,32.0,32.0,800.0,0.0,800.0,800,800,-605.9489915519367,186.26490530770118,-587.5038390966428,-799.4358860653331,-86.29295262162313,800.0,0.0,800.0,800,800,-90.6493569684571,12.949677795833479,-98.2608446787036,-99.83738237093984,-52.75874063756951,87.53838404019673,11.808044812220029,86.57942962646484,70.68035125732422,112.6827392578125,1035348.6154158647,119988.18170405731,1044013.2261548417,852836.3808521846,1181668.169167709,16.917332629362743,0.021743818286164802,16.910907745361328,16.88408851623535,16.96497344970703,22246705.229166668,491392.2104344934,22098081.0,21512122.0,23338680.0
24,57600,8,135.70410132408142,57600,72,288,425.6041225170182,2.128020612585091,32.0,32.0,800.0,0.0,800.0,800,800,-596.76091854583,188.92284723017633,-587.5038390966428,-799.5188176268103,-61.05565195510627,800.0,0.0,800.0,800,800,-89.96451268070152,13.890422624997322,-97.9499662615336,-99.83738237093984,-37.894500596666056,76.95646683375041,6.348168916506838,78.96083450317383,65.50270080566406,85.88973236083984,978003.9681082567,116235.65628955324,1039190.0971599796,784714.491333878,1113906.8473199506,16.860827724138897,0.029235852109698885,16.873336791992188,16.816913604736328,16.89338493347168,21027224.5625,612860.3783742742,21284270.0,20114606.0,21717516.0
24,76800,11,181.02209615707397,76800,96,384,423.67276113509666,2.118363805675483,32.0,32.0,800.0,0.0,800.0,800,800,-564.4773504469521,203.03935146105394,-560.5695748765522,-799.5188176268103,-61.05565195510627,800.0,0.0,800.0,800,800,-87.06967507755787,15.246846102854713,-96.86481395761314,-99.83738237093984,-37.894500596666056,59.217642982800804,2.0919421663413726,59.28281593322754,54.96809387207031,63.018253326416016,732393.203062852,35070.09486536842,738487.6445789321,657803.4661393758,786109.8191677601,16.789475083351135,0.02848891043374893,16.798473358154297,16.732994079589844,16.81848907470703,19586772.895833332,550231.5185617225,19759579.0,18514292.0,20148872.0
24,80000,14,222.68022322654724,96000,120,480,460.8944604729866,2.304472302364933,32.0,32.0,800.0,0.0,800.0,800,800,-559.6567201899641,212.361914629239,-569.1339436790292,-799.5188176268103,-59.52536788281883,800.0,0.0,800.0,800,800,-87.54712459459519,15.748877539175943,-97.11810076277673,-99.83738237093984,-36.38398504176542,67.84120992819469,14.185561838358563,71.49232482910156,47.741607666015625,86.84176635742188,891560.2885241072,241609.61685015835,958801.781533622,546327.6902663205,1181189.4285646076,16.70748706658681,0.015445555559398602,16.707979202270508,16.675214767456055,16.731931686401367,18037717.75,284403.1033792895,18040361.0,17455356.0,18493956.0
24,80000,17,267.3857297897339,115200,144,576,429.477294320841,2.147386471604205,32.0,32.0,800.0,0.0,800.0,800,800,-521.9157872203433,212.49037481313968,-504.3695790707504,-799.5188176268103,-50.02493753078102,800.0,0.0,800.0,800,800,-83.76616865122907,17.604405067934177,-93.3492313639683,-99.76607686483261,-31.979047477466505,56.179399490356445,4.116483777854294,57.88300323486328,49.21206283569336,61.11515426635742,696127.146411374,75194.4773577368,734439.9964719731,571760.2828217458,775051.33308996,16.648140370845795,0.010969679001981196,16.646193504333496,16.625791549682617,16.67410659790039,16992107.885416668,186255.43174002724,16957433.0,16616786.0,17438310.0
24,80000,20,307.42039823532104,134400,168,672,479.5843389110502,2.3979216945552513,32.0,32.0,800.0,0.0,800.0,800,800,-497.48735498581556,212.87609883034733,-479.2351337057036,-799.2052622592582,-50.02493753078102,800.0,0.0,800.0,800,800,-82.37811607820554,17.3372465441332,-89.30710245406257,-99.76453959475239,-31.979047477466505,53.969276467959084,8.097418749054556,57.12735176086426,41.99510192871094,64.2258529663086,658763.619796767,157093.09534935106,721205.9975479818,434774.5043665275,837832.8157699693,16.58595468600591,0.01779568115126922,16.584315299987793,16.564455032348633,16.62482452392578,15970157.635416666,285772.283105583,15941217.5,15627707.0,16600819.0
24,80000,23,348.0837128162384,153600,192,768,472.1700677349665,2.3608503386748323,32.0,32.0,800.0,0.0,800.0,800,800,-465.355195239062,221.4600377654773,-444.99330963762327,-799.2052622592582,-50.02493753078102,800.0,0.0,800.0,800,800,-79.77597364614859,18.381449558433747,-82.43906391471143,-99.71699237618449,-31.979047477466505,42.3770105044047,1.8058901184870344,43.06507110595703,39.14756774902344,44.856590270996094,445578.59752666205,32872.652208041014,465358.12503245467,398626.48464065883,474945.460353374,16.56766986846924,0.00493053235508693,16.56803035736084,16.55303955078125,16.575626373291016,15694963.947916666,82146.56315916005,15699389.0,15456782.0,15828029.0
24,80000,26,390.47569513320923,172800,216,864,452.9158333865799,2.2645791669328994,32.0,32.0,800.0,0.0,800.0,800,800,-425.5873381894019,217.89241429435654,-429.32317678466745,-799.2052622592582,-50.02493753078102,800.0,0.0,800.0,800,800,-76.65413323048033,17.956493370371224,-74.78119585352388,-99.71699237618449,-31.979047477466505,36.66894139846166,4.215257266149082,36.54590606689453,30.46805763244629,42.975982666015625,402999.1217765673,62023.858553878905,442314.18084651185,292313.99250834517,455825.29999892117,16.532003978888195,0.008853350847286778,16.531789779663086,16.511518478393555,16.552305221557617,15135783.510416666,131776.94845987187,15129402.0,14846966.0,15444726.0
24,80000,29,431.62720346450806,192000,240,960,466.5685603897282,2.332842801948641,32.0,32.0,800.0,0.0,800.0,800,800,-370.501511346618,218.49873782041513,-418.09349197795575,-798.4955348724251,-45.574610169026606,800.0,0.0,800.0,800,800,-74.34164056644508,18.42000909532878,-73.24440197872809,-99.52020355455558,-30.69085211418082,28.210819323857624,6.678669023920398,31.422423362731934,18.076454162597656,36.10511016845703,378074.4584763797,95758.54934913707,388089.98125316424,242902.07714158142,513997.920398511,16.515519658724468,0.007093649359717019,16.51262092590332,16.508146286010742,16.52751922607422,14924910.041666666,112367.18361858709,14885842.0,14804915.0,15113285.0
24,80000,32,469.7989718914032,211200,264,1056,502.9895336594368,2.514947668297184,32.0,32.0,800.0,0.0,800.0,800,800,-309.57756466485046,207.64072590347638,-291.2659244146389,-798.1163041580023,-37.652181566322035,800.0,0.0,800.0,800,800,-69.8248869607415,18.800338341620325,-67.73463026558309,-99.52020355455558,-25.737238954495442,20.29545063773791,4.877616281176062,18.43387222290039,14.982831954956055,28.346946716308594,304420.94947668427,61985.99515042265,276000.45181216067,219518.07391046654,402991.4709845357,16.485966622829437,0.018239544657246438,16.48896312713623,16.455337524414062,16.508146286010742,14479539.979166666,274237.2069529095,14512494.5,14022583.0,14835886.0
24,80000,35,507.980952501297,230400,288,1152,502.85500367743765,2.5142750183871883,32.0,32.0,800.0,0.0,800.0,800,800,-282.2331713557579,201.16034872467895,-247.34293720963223,-798.1163041580023,-37.652181566322035,800.0,0.0,800.0,800,800,-68.34210089733345,19.882397882311185,-67.72856845974427,-98.93729682963243,-25.737238954495442,23.486068079868954,7.608479302081282,27.622411727905273,12.459866523742676,31.189550399780273,369208.52970345103,115248.11036061504,431494.82564227877,186873.58167166117,516105.83494415553,16.456070085366566,0.015341871873419337,16.458264350891113,16.426753997802734,16.476747512817383,14052229.177083334,208583.39131133474,14072366.5,13657828.0,14342628.0
24,80000,38,544.5916435718536,249600,312,1248,524.436972877608,2.62218486438804,32.0,32.0,800.0,0.0,800.0,800,800,-254.9580367658251,181.8918165076393,-215.2152294681292,-793.7581085430417,-37.652181566322035,800.0,0.0,800.0,800,800,-66.06583279633867,20.040345561011804,-65.55926751163668,-98.93729682963243,-25.737238954495442,20.429181853930157,4.109867087644022,22.88569927215576,14.251937866210938,24.39513397216797,320493.20443313866,61669.57030073751,357674.72418991936,223846.22089569544,377712.3464775603,16.450889766216278,0.022274319496346208,16.450757026672363,16.42483901977539,16.48189926147461,13990538.947916666,311051.3902264708,13986142.0,13627567.0,14426280.0
24,80000,41,582.8220801353455,268800,336,1344,502.2176497543596,2.5110882487717983,32.0,32.0,800.0,0.0,800.0,800,800,-254.43754158329742,191.94801116948022,-199.6817261528647,-793.0915023089113,-37.652181566322035,800.0,0.0,800.0,800,800,-64.98462816828741,20.435554249402085,-64.417049402166,-98.93729682963243,-25.737238954495442,21.618652045726776,2.1741934943096917,22.68478012084961,18.05768394470215,24.021591186523438,337959.0299880288,34226.940151868344,356991.93908964057,285344.2941317454,384419.2957385451,16.461506128311157,0.005251661913327036,16.462559700012207,16.448657989501953,16.467975616455078,14131418.729166666,74943.60119581579,14147975.5,13947732.0,14222409.0
24,80000,44,620.28586602211,288000,360,1440,512.4949213096777,2.5624746065483883,32.0,32.0,800.0,0.0,800.0,800,800,-238.3939596963278,185.8522868000107,-181.00649863309067,-793.0915023089113,-38.945480937763456,800.0,0.0,800.0,800,800,-62.476550546603455,20.45017852356354,-63.93900487383947,-98.93729682963243,-26.720807826185148,15.697581470012665,1.219895105060406,15.106515407562256,14.282854080200195,17.98258399963379,249491.85126678474,14814.805512949799,242145.13763474047,232165.69514107332,280558.96976937726,16.47191383441289,0.010103590143627978,16.472444534301758,16.448240280151367,16.485654830932617,14281988.864583334,146982.4787400001,14287564.0,13942024.0,14486189.0
24,80000,47,659.7128074169159,307200,384,1536,486.97665405334743,2.434883270266737,32.0,32.0,800.0,0.0,800.0,800,800,-229.32762854131752,178.0803706199949,-183.20209041720693,-793.0915023089113,-38.945480937763456,800.0,0.0,800.0,800,800,-61.74470733118861,19.84429289607257,-63.26858151345404,-98.71019932184859,-26.720807826185148,12.146328012148539,4.608468009184539,12.360386371612549,6.248201370239258,18.424951553344727,195028.19183002794,74786.75805809726,196698.78801866414,96446.60655712984,326266.08377265354,16.47382191816966,0.0064078823816641935,16.473215103149414,16.464130401611328,16.483753204345703,14353697.447916666,82284.38234345033,14359404.0,14234348.0,14486164.0
24,80000,50,700.6681432723999,326400,408,1632,468.8033829767527,2.3440169148837633,32.0,32.0,800.0,0.0,800.0,800,800,-196.29796567861595,158.73231317387345,-144.5034107965446,-788.8932892293482,-38.945480937763456,800.0,0.0,800.0,800,800,-58.87662527744711,19.02509761839376,-62.24206948637783,-98.71019932184859,-27.274224784605362,7.901219084858894,1.5259316542481598,8.74606704711914,5.6503520011901855,9.443193435668945,123507.17472360597,25249.61883882727,133631.06979817798,85396.24741844891,164871.3232458308,16.48441634575526,0.005930869875165062,16.482908248901367,16.476760864257812,16.495248794555664,14446266.25,77090.24721727667,14411229.5,14364244.0,14592625.0
24,80000,53,738.6370205879211,345600,432,1728,505.6773167256979,2.5283865836284893,32.0,32.0,800.0,0.0,800.0,800,800,-152.59842773739126,136.80785012725295,-91.94743512811911,-788.8932892293482,-38.080401714765,800.0,0.0,800.0,800,800,-52.39630786390994,18.574101598856394,-52.38604647811262,-98.58535458690208,-24.935869703696103,2.4585896556576095,0.1778244495960369,2.4293713569641113,2.1654345989227295,2.7476680278778076,40425.278284302156,12618.251370686972,37746.90920694124,25872.115225129157,91859.46094573953,16.504078288873036,0.02273027249621271,16.49810218811035,16.479406356811523,16.5416316986084,14731838.90625,321608.2659951673,14635865.5,14383287.0,15274844.0
24,80000,56,777.0552694797516,364800,456,1824,499.7624970898358,2.498812485449179,32.0,32.0,800.0,0.0,800.0,800,800,-115.54568126419305,102.73343410133172,-70.7476022446051,-589.5484732196601,-38.080401714765,800.0,0.0,800.0,800,800,-47.22814496858486,17.79012260695957,-44.43475479651721,-97.47381911125838,-24.935869703696103,1.7965589600304763,0.7091020139547417,1.3561132550239563,1.1886056661605835,2.8735482692718506,28034.80835357716,11032.524362175329,24072.215910598563,15291.830463961303,58137.348002314575,16.544464468955994,0.005461494001567368,16.54206371307373,16.536945343017578,16.55230140686035,15341253.364583334,99680.50282539373,15290281.0,15216195.0,15485196.0
24,80000,59,816.709719657898,384000,480,1920,484.1827314146233,2.4209136570731165,32.0,32.0,800.0,0.0,800.0,800,800,-81.9692096061296,66.68997458833542,-52.73315998004081,-417.0337615407733,-35.67372979206295,800.0,0.0,800.0,800,800,-40.66228193852362,14.423773551864347,-34.931719535167176,-84.77982018134468,-24.48379460275005,1.2429936304688454,0.027820152953142958,1.23866206407547,1.1932896375656128,1.3033502101898193,19871.057734345835,7384.9051778761495,17374.449751010798,12724.488699963806,49920.24576282272,16.53681109348933,0.005292735694375166,16.534847259521484,16.531179428100586,16.549436569213867,15261352.583333334,83710.7512822759,15221016.5,15183615.0,15458740.0
24,80000,62,855.7208285331726,403200,504,2016,492.1675018617328,2.460837509308664,32.0,32.0,800.0,0.0,800.0,800,800,-59.72621699368975,29.453905512736902,-48.97198695858462,-218.75708283680993,-35.67372979206295,800.0,0.0,800.0,800,800,-35.426815529804934,9.814291934579298,-32.402512649213115,-66.63735069094047,-24.48379460275005,0.4519717264920473,0.08756277467798147,0.46913717687129974,0.2979528605937958,0.5864025950431824,17100.55427842008,11143.28986948021,13470.773846316064,8370.613535838076,75306.36929462056,16.53074695666631,0.007041019863666015,16.533223152160645,16.515962600708008,16.538572311401367,15205151.5625,96690.63636593908,15247877.5,15014907.0,15303601.0
24,80000,65,894.8897743225098,422400,528,2112,490.18424195697287,2.4509212097848643,32.0,32.0,800.0,0.0,800.0,800,800,-51.16482025077761,22.353280697452863,-44.952622768712374,-218.75708283680993,-35.67372979206295,800.0,0.0,800.0,800,800,-32.079365767006436,7.205532423434313,-30.054776706985624,-60.20458406684457,-24.346028938596234,0.25345556748410064,0.036046883899977206,0.2540857493877411,0.19575123488903046,0.33027124404907227,12490.480203729714,5942.972461840648,10453.13673803539,5578.645591955466,37484.76100406639,16.51911284526189,0.003415336984683047,16.518442153930664,16.513202667236328,16.524940490722656,15057955.0,48474.640003605666,15057746.5,14956781.0,15134826.0
24,80000,68,935.082117319107,441600,552,2208,477.7029296755724,2.388514648377862,32.0,32.0,800.0,0.0,800.0,800,800,-47.47637590123667,13.086828470150525,-43.998314751813126,-113.56068072657483,-35.67372979206295,800.0,0.0,800.0,800,800,-30.983008217472708,6.058102837907357,-29.259869224649446,-53.77789297034519,-23.6203470417843,0.28645229743172723,0.05332060510406301,0.266369566321373,0.22226017713546753,0.3904610574245453,13193.374243860557,7686.237920005116,11419.434068103026,4637.252411044767,41151.01020383172,16.508797824382782,0.012504221893567768,16.513368606567383,16.479167938232422,16.521177291870117,14884024.364583334,191203.29810141004,14956003.0,14450344.0,15080530.0
24,80000,71,973.8324902057648,460800,576,2304,495.479103031053,2.477395515155265,32.0,32.0,800.0,0.0,800.0,800,800,-45.62338308785986,13.697821158457831,-43.30739530923726,-158.95860681457745,-35.31526005104573,800.0,0.0,800.0,800,800,-29.869615250752926,4.976320926350325,-28.677750216195626,-55.79201227212341,-23.6203470417843,0.7008451639364163,0.4154959770265338,0.6147649586200714,0.20822742581367493,1.6432181596755981,28952.183721815887,31096.71559898635,17487.737391635477,7614.345778775997,175750.63467885272,16.4843772649765,0.005401777724054474,16.485934257507324,16.473876953125,16.49103546142578,14622497.895833334,130550.10140942052,14680811.0,14384603.0,14764004.0
24,80000,74,1013.1300756931305,480000,600,2400,488.57963566674727,2.4428981783337362,32.0,32.0,800.0,0.0,800.0,800,800,-43.90683967864243,13.52741387203419,-41.844676483876974,-158.95860681457745,-31.711098902206388,800.0,0.0,800.0,800,800,-28.93942949882075,4.612425474149035,-27.940078772069953,-55.79201227212341,-22.413358349010977,0.2653386478001873,0.09281424729654535,0.21621927618980408,0.16150179505348206,0.433279812335968,14292.852083372447,8080.797982685389,12205.748166268779,5134.145459277937,46114.77754080697,16.484011093775432,0.004441578172610021,16.48421859741211,16.475671768188477,16.490966796875,14656726.135416666,82382.72224193663,14662800.0,14514790.0,14785224.0
24,80000,77,1050.3595757484436,499200,624,2496,515.7200599383264,2.5786002996916317,32.0,32.0,800.0,0.0,800.0,800,800,-43.2776602098465,13.668968366845794,-41.04806174547522,-158.95860681457745,-31.711098902206388,800.0,0.0,800.0,800,800,-28.57041703769196,4.665127875365766,-27.68616390987476,-55.79201227212341,-22.413358349010977,0.18345864908769727,0.05967512489328038,0.16277386248111725,0.10354595631361008,0.30265012383461,9931.71904025115,4996.401818749034,8118.15968048921,4418.638386997626,24986.63524835367,16.487470249334972,0.02204257464379473,16.491734504699707,16.457897186279297,16.516796112060547,14726300.916666666,324867.5183705232,14757273.0,14292966.0,15182077.0
24,80000,80,1089.143628835678,518400,648,2592,495.0488273315495,2.4752441366577473,32.0,32.0,800.0,0.0,800.0,800,800,-42.047252958790025,13.48877800609706,-39.33858116885949,-158.95860681457745,-31.711098902206388,800.0,0.0,800.0,800,800,-27.82272370396818,4.55901559262065,-26.988275893913663,-55.79201227212341,-22.413358349010977,0.15582408499903977,0.04107073909112198,0.1385851874947548,0.11098596453666687,0.24875429272651672,10223.248375392128,5613.791010176747,8573.98780060037,4457.374874269228,33819.13060076832,16.490044196446735,0.016587983849240248,16.491968154907227,16.458873748779297,16.512409210205078,14836805.0625,300022.0206021972,14852821.0,14303468.0,15320594.0
24,80000,83,1126.0846538543701,537600,672,2688,519.7473537966224,2.598736768983112,32.0,32.0,800.0,0.0,800.0,800,800,-40.52443492665167,8.749569842393939,-38.885168174507086,-106.53812244979308,-31.0226140821465,800.0,0.0,800.0,800,800,-27.45579116409308,4.081362642925538,-26.681196916070753,-51.74176349187742,-22.413358349010977,0.45773360490178067,0.2809609528509606,0.3586469143629074,0.15763315558433533,0.987587571144104,17906.417832550334,13779.27900012941,14684.687570513888,4718.925592477897,76530.20714237506,16.531029105186462,0.010399283720524885,16.532771110534668,16.51262664794922,16.5429630279541,15755204.552083334,247818.83981364415,15764482.0,15328465.0,16047461.0
24,80000,86,1163.0445492267609,556800,696,2784,519.481990047583,2.5974099502379153,32.0,32.0,800.0,0.0,800.0,800,800,-39.70332260103257,8.367767048549235,-38.25811714036767,-106.53812244979308,-31.0226140821465,800.0,0.0,800.0,800,800,-27.07488823835122,3.8068834421271713,-26.537090872039748,-51.74176349187742,-22.554799399998544,0.14323065429925919,0.03209787481255369,0.14463430643081665,0.0968540832400322,0.23295247554779053,11348.88461727091,8057.962563863579,8391.828150875768,3871.8739496547573,41747.53911390298,16.51604030529658,0.014733202481243568,16.514999389648438,16.49651527404785,16.541183471679688,15502340.34375,280871.6257862088,15439066.5,15208768.0,16028154.0
24,80000,89,1198.8239815235138,576000,720,2880,536.6211470533156,2.6831057352665777,32.0,32.0,800.0,0.0,800.0,800,800,-39.652603753778585,9.17213845772512,-37.42578989543266,-106.53812244979308,-30.70068075020541,800.0,0.0,800.0,800,800,-27.12208307170499,4.316080116131017,-26.06791818008802,-51.74176349187742,-22.050645119859208,0.3111469855842491,0.21655614897798553,0.2069741040468216,0.0954425185918808,0.7041734457015991,14064.672635965466,8754.17031378703,12640.723453001996,4224.363453633875,49145.36823407737,16.47873040040334,0.00780787486404337,16.477794647216797,16.469003677368164,16.496131896972656,14787627.947916666,191230.7624803064,14721492.0,14575944.0,15209222.0
24,80000,92,1238.334311246872,595200,744,2976,485.9488679146388,2.429744339573194,32.0,32.0,800.0,0.0,800.0,800,800,-39.15731334979516,9.060091276564627,-37.1471940351404,-106.53812244979308,-30.70068075020541,800.0,0.0,800.0,800,800,-27.130688399715936,4.196690274995776,-26.192636454153,-51.74176349187742,-22.050645119859208,0.14235105644911528,0.08348915350699423,0.09418687596917152,0.06165315955877304,0.2943490445613861,9725.287793920368,5949.476010810598,7374.095462382333,3410.560243263141,28505.533585168614,16.459504465262096,0.015415072132104654,16.460707664489746,16.439266204833984,16.481538772583008,14428111.75,218169.84989218644,14450226.5,14168525.0,14729380.0
24,80000,95,1276.6540899276733,614400,768,3072,501.0467351581913,2.5052336757909566,32.0,32.0,800.0,0.0,800.0,800,800,-37.944530146102196,5.636117073907832,-36.726288822790366,-74.54078819175093,-30.70068075020541,800.0,0.0,800.0,800,800,-26.539085129355854,3.037083522072058,-25.97136110560941,-45.0694636799937,-22.050645119859208,0.12574019391710559,0.01945979441766148,0.12640947848558426,0.08860938251018524,0.16414251923561096,6283.180066623987,2765.731562741582,5445.571991535248,3305.180101993017,15569.645790703476,16.43965820471446,0.0016647801115269895,16.439661026000977,16.436582565307617,16.442476272583008,14133249.895833334,46442.77893177599,14132910.5,14054871.0,14212305.0
24,80000,98,1311.765557050705,633600,792,3168,546.8298984124655,2.7341494920623273,32.0,32.0,800.0,0.0,800.0,800,800,-37.56728467503635,5.640762214870008,-36.08257531774005,-74.54078819175093,-30.70068075020541,800.0,0.0,800.0,800,800,-26.549732993719207,2.96795883355452,-25.90455971026835,-45.0694636799937,-22.050645119859208,0.08850502300386627,0.026010147541472912,0.08004150167107582,0.0524604357779026,0.14379611611366272,7631.4215257198275,3690.7947933389078,6316.970166319935,3591.1447266037676,24485.03730247527,16.40466872851054,0.02252356998005333,16.404051780700684,16.361068725585938,16.43998146057129,13563095.760416666,350003.2210813609,13540619.5,12906644.0,14114852.0
24,80000,101,1347.5423061847687,652800,816,3264,536.6613922369854,2.683306961184927,32.0,32.0,800.0,0.0,800.0,800,800,-36.669078337168656,5.474489986268433,-35.547390989665715,-74.54078819175093,-30.20580818140438,800.0,0.0,800.0,800,800,-26.19801440017633,2.7967340722425407,-25.718188344695115,-45.0694636799937,-22.63166915349671,0.07156236613324533,0.0137578477780872,0.07175534591078758,0.04909755662083626,0.10603189468383789,6554.900777763961,3070.5934436533453,5733.724911473612,2948.1545963608028,16964.508193192545,16.32539826631546,0.02610186880254908,16.33135223388672,16.273941040039062,16.36005210876465,12468423.458333334,316844.7539184844,12539701.0,11856849.0,12892320.0
24,80000,104,1384.9775967597961,672000,840,3360,512.8850265371798,2.564425132685899,32.0,32.0,800.0,0.0,800.0,800,800,-35.33139994130749,3.6367136696185303,-34.646826040783864,-51.29288754786101,-30.20580818140438,800.0,0.0,800.0,800,800,-25.636431643952722,1.9150112757930209,-25.456161553453722,-32.07673222181049,-22.338946090145093,0.08390144212171435,0.023400377795331672,0.07676775753498077,0.051822230219841,0.1427910178899765,5623.254681825274,2827.5306592742622,4606.985397642583,2687.219800693335,18130.883108869748,16.257723172505695,0.006374491433645684,16.25834846496582,16.246400833129883,16.27306365966797,11633359.760416666,88541.54175003873,11643192.0,11492494.0,11846145.0
24,80000,107,1422.234815120697,691200,864,3456,515.336378953862,2.57668189476931,32.0,32.0,800.0,0.0,800.0,800,800,-34.26806071028635,2.4592125161577374,-33.749394599112236,-41.505199848397424,-30.008197161252323,800.0,0.0,800.0,800,800,-25.20667860757085,1.5022796373771257,-25.011974453581402,-30.493482440597564,-22.338946090145093,0.05873376255234083,0.012429824876458667,0.057311469689011574,0.03779664635658264,0.08853559195995331,4972.569911124926,2149.6343682399574,4397.89327100845,2401.232292953692,11296.871523858877,16.231760104497273,0.01752734527424115,16.227938652038574,16.210186004638672,16.264585494995117,11276090.916666666,192326.13591970684,11241970.0,11036324.0,11642660.0
24,80000,110,1460.7818684577942,710400,888,3552,498.09254762210776,2.490462738110539,32.0,32.0,800.0,0.0,800.0,800,800,-34.36032314108573,3.304408481696205,-33.57610137728953,-52.32715834844626,-30.008197161252323,800.0,0.0,800.0,800,800,-25.23131537935751,1.891103081519319,-24.86851661938937,-33.71966622537752,-22.338946090145093,0.17884895574146262,0.10913231210838853,0.1393643543124199,0.0555722638964653,0.387728214263916,7310.7157440082565,4198.193672713698,6303.428636357687,2335.9564873171526,22426.773809028644,16.23212416966756,0.005939039989739285,16.232949256896973,16.2216796875,16.239486694335938,11385890.020833334,115497.89086701426,11354721.5,11212645.0,11550641.0
24,80000,113,1495.4583053588867,729600,912,3648,553.6901053232225,2.768450526616112,32.0,32.0,800.0,0.0,800.0,800,800,-34.63105321002905,3.6441951790241767,-33.80414245197749,-52.32715834844626,-30.008197161252323,800.0,0.0,800.0,800,800,-25.367639558953105,2.028468693133987,-25.027978843295983,-33.71966622537752,-22.338946090145093,0.14014027814846486,0.0720250718868792,0.1107557825744152,0.05215073004364967,0.29278790950775146,8612.703778142592,5107.917743752392,7166.741302487823,2699.5376203036535,27351.307979284644,16.243039667606354,0.009258270068031456,16.241098403930664,16.232248306274414,16.257434844970703,11550349.447916666,88247.61958497211,11518770.5,11428685.0,11685228.0
24,80000,116,1531.0128297805786,748800,936,3744,540.0156607997276,2.700078303998638,32.0,32.0,800.0,0.0,800.0,800,800,-34.79993053676645,3.803372460034098,-33.9935552151645,-52.32715834844626,-28.85163038461276,800.0,0.0,800.0,800,800,-25.456953669971437,2.077808513827972,-25.153235766971143,-33.71966622537752,-22.180289555805583,0.07156431942712516,0.025519780659551333,0.06362181156873703,0.03813755139708519,0.1295126974582672,6244.719051438252,3320.2173527614264,5145.8438573542035,2385.004406303661,17407.079859888498,16.212741593519848,0.01111370329290381,16.208837509155273,16.202871322631836,16.242921829223633,11181960.010416666,142226.3124561151,11120806.5,11069772.0,11558449.0
24,80000,119,1569.5320994853973,768000,960,3840,498.4518176781035,2.492259088390518,32.0,32.0,800.0,0.0,800.0,800,800,-34.49430939946794,3.86361509305454,-33.6468963760707,-52.32715834844626,-28.85163038461276,800.0,0.0,800.0,800,800,-25.258375388833073,2.118130600964963,-24.909099141651232,-33.71966622537752,-21.80036203673577,0.06606064826094855,0.017640845988746785,0.06288699805736542,0.04274260625243187,0.11076060682535172,4988.677366487436,2352.8249899969737,4431.604986121342,2432.1019944427503,14626.68056706057,16.189640601476032,0.009175656190861676,16.191752433776855,16.175121307373047,16.205018997192383,10878773.791666666,122253.07409409629,10896026.5,10695266.0,11087731.0
24,80000,122,1606.6964933872223,787200,984,3936,516.6235201015128,2.583117600507564,32.0,32.0,800.0,0.0,800.0,800,800,-33.57846519528932,3.4848602604735883,-32.62281594304363,-45.041578281610995,-28.30825453399176,800.0,0.0,800.0,800,800,-24.671212834736316,1.8622273469559552,-24.432880331017387,-29.920668829433943,-21.65571391301689,0.09765307698398829,0.04663241223687486,0.07534344494342804,0.045903854072093964,0.1939055621623993,6748.765955415719,3364.007059623243,5687.555743722774,2719.919264887264,19680.045240514548,16.173367937405903,0.004242165213631785,16.174560546875,16.164562225341797,16.178726196289062,10709105.927083334,52577.4151143746,10714611.0,10601825.0,10781964.0
24,80000,125,1643.2667944431305,806400,1008,4032,525.0161865128562,2.6250809325642805,32.0,32.0,800.0,0.0,800.0,800,800,-32.96507734767403,2.9833315018248636,-32.33300427624508,-42.50103816368966,-28.30825453399176,800.0,0.0,800.0,800,800,-24.4357409061526,1.7312263075832677,-24.02678301230267,-29.146390190390562,-21.35486826073489,0.049911131092812866,0.02154695198686582,0.0510970801115036,0.01136433519423008,0.0923815369606018,5437.837225409137,2525.8806860624622,4444.47143836601,2542.7913424369826,13589.382807478483,16.128891845544178,0.025615965818349205,16.134138107299805,16.080381393432617,16.16455078125,10250722.927083334,252436.8999681424,10295521.0,9776108.0,10601310.0
24,80000,128,1680.7260870933533,825600,1032,4128,512.5563949987137,2.5627819749935687,32.0,32.0,800.0,0.0,800.0,800,800,-33.42305148207699,4.905761615783099,-32.47572297646463,-60.3364894698501,-27.23385399833543,800.0,0.0,800.0,800,800,-24.638340620340262,2.3667228582296382,-24.43721967433629,-37.12344753021195,-20.97608310271606,0.1990439962828532,0.10993294729046692,0.2189938724040985,0.04446276277303696,0.38605642318725586,11332.15959082664,7021.982627339128,8770.211872755637,2593.5263565521113,35837.842094468004,16.078996737798054,0.010304902771285464,16.077505111694336,16.064956665039062,16.092395782470703,9817659.71875,150742.384101825,9765784.0,9635720.0,10018154.0
24,80000,131,1715.681977033615,844800,1056,4224,549.2636586512888,2.746318293256444,32.0,32.0,800.0,0.0,800.0,800,800,-33.218936586272925,5.002197632299951,-32.362834943020985,-60.3364894698501,-27.23385399833543,800.0,0.0,800.0,800,800,-24.605392001968355,2.4189622537781577,-24.2690434186993,-37.12344753021195,-20.97608310271606,0.062125910500374935,0.019353428983525652,0.06150630675256252,0.029495609924197197,0.11442955583333969,7235.71890962837,4254.388687640481,5778.529557174602,2281.817464124681,24778.59519756566,16.037969211737316,0.0275876820610043,16.03295612335205,16.007963180541992,16.0897274017334,9502412.520833334,285946.03290087724,9472427.0,9176929.0,10010003.0
24,80000,134,1752.5634326934814,864000,1080,4320,520.5868276206098,2.6029341381030493,32.0,32.0,800.0,0.0,800.0,800,800,-32.930841460094896,4.816764953975942,-32.220439080559416,-60.3364894698501,-26.59071601409596,800.0,0.0,800.0,800,800,-24.607723475672923,2.33783187019079,-24.3470910675645,-37.12344753021195,-20.97608310271606,0.06153533087732891,0.02319975926048113,0.05475875735282898,0.02884991280734539,0.11407586932182312,5077.166346442607,2210.426629882303,4376.495333705601,2453.4371020040367,12140.864651376798,16.000939190387726,0.008365401730654632,16.004719734191895,15.98567008972168,16.011343002319336,9069117.5,82748.89418332126,9090160.0,8934508.0,9195770.0
24,80000,137,1789.5129029750824,883200,1104,4416,519.6285590475886,2.598142795237943,32.0,32.0,800.0,0.0,800.0,800,800,-32.674576189230315,4.837684167745702,-31.74904678901912,-60.3364894698501,-26.59071601409596,800.0,0.0,800.0,800,800,-24.517126737138074,2.303871584164198,-24.14859270548825,-37.12344753021195,-20.97608310271606,0.04612432072948044,0.01870841473133664,0.04234999418258667,0.020720141008496284,0.09128457307815552,4839.281126889179,2194.7839964553255,4223.424121651162,2327.746735016177,13750.581015114101,15.962565193573633,0.021753964820275834,15.968390941619873,15.920409202575684,15.985590934753418,8777010.666666666,159623.36416328768,8828153.5,8457400.0,8937581.0
24,80000,140,1824.3861603736877,902400,1128,4512,550.5651445330096,2.7528257226650483,32.0,32.0,800.0,0.0,800.0,800,800,-32.84965605611575,7.509126680787839,-31.319016522025485,-87.5910581774898,-26.59071601409596,800.0,0.0,800.0,800,800,-24.517677761304594,2.7444571550702004,-23.908403410901382,-38.13767082591851,-21.18134059262754,0.2503921671498877,0.22015281216378646,0.19760864973068237,0.015312068164348602,0.860913872718811,18422.06065014622,16973.768205852815,12197.878793078165,2940.205452709003,83058.35716682838,15.905239135026932,0.005247376572778367,15.904528141021729,15.897787094116211,15.919544219970703,8332837.020833333,49338.03461299937,8332499.5,8257981.5,8450844.0
24,80000,143,1859.0619649887085,921600,1152,4608,553.7002014275685,2.7685010071378424,32.0,32.0,800.0,0.0,800.0,800,800,-32.296585333395065,7.071420311546646,-30.83743037609829,-87.5910581774898,-26.59071601409596,800.0,0.0,800.0,800,800,-24.239791343069843,2.4518310042270266,-23.74912201141815,-38.13767082591851,-21.116573557398915,0.05175066958569611,0.04547274932757788,0.0320998877286911,-0.0019380617886781693,0.15078949928283691,7982.506791677452,4901.225520137529,6493.438379621951,2510.362980485172,28607.749621288385,15.867763499418894,0.030325693462569307,15.87240219116211,15.8208589553833,15.906185150146484,8071390.036458333,241429.8801536406,8102678.0,7709537.5,8389537.0
24,80000,146,1893.7097539901733,940800,1176,4704,554.1479140036399,2.7707395700181996,32.0,32.0,800.0,0.0,800.0,800,800,-32.42307038552585,7.210482375281454,-30.793316672363712,-87.5910581774898,-26.790104096214275,800.0,0.0,800.0,800,800,-24.23275179193125,2.501039499669921,-23.706760652348414,-38.13767082591851,-21.116573557398915,0.06909843724376212,0.04352282323584137,0.05201979726552963,0.014877695590257645,0.16894495487213135,9725.554678332175,5323.406378199397,8253.490095582707,3203.9406000034983,29497.942471535796,15.807497570912043,0.011679535581711902,15.813158988952637,15.778964042663574,15.820577621459961,7624052.447916667,76708.20179768096,7668847.75,7441107.0,7707771.0
24,80000,149,1934.8733620643616,960000,1200,4800,466.43141595839404,2.3321570797919704,32.0,32.0,800.0,0.0,800.0,800,800,-32.22042901829729,7.36973464635142,-30.641916252415392,-87.5910581774898,-26.790104096214275,800.0,0.0,800.0,800,800,-24.064225635841144,2.5226187107237523,-23.56378199544249,-38.13767082591851,-20.980298039835468,0.04806384849750126,0.055416958081968254,0.019205170683562756,-0.007359843701124191,0.16379860043525696,6661.440859579275,3828.0497586044735,5291.917076929967,2314.786284991604,23075.90288624254,15.733385304609934,0.02512923105244015,15.734622478485107,15.695068359375,15.777817726135254,7168930.104166667,146737.29750188199,7181576.25,6917747.0,7433668.0
24,80000,152,1971.4660258293152,979200,1224,4896,524.6953357461961,2.6234766787309804,32.0,32.0,800.0,0.0,800.0,800,800,-30.69946584728457,3.2952491429142237,-29.980440605758204,-47.64887711731436,-26.114513981889214,800.0,0.0,800.0,800,800,-23.437588765298734,1.609930593620858,-23.356134846417504,-30.492428047400136,-20.738065773238823,-0.0003723596940593173,0.010082929055615843,-0.0025976449251174927,-0.015414304099977016,0.028128674253821373,6426.13047356434,4990.10320141656,4978.363868943658,2167.1041024692677,30760.61100521034,15.645845592021942,0.03130900261138187,15.644630908966064,15.590675354003906,15.694357872009277,6577763.072916667,203449.24018264536,6565390.25,6232189.0,6911987.0
24,80000,155,2009.2323031425476,998400,1248,4992,508.39006028462245,2.541950301423112,32.0,32.0,800.0,0.0,800.0,800,800,-30.499761036656,3.2152969921324703,-29.87848163612718,-47.64887711731436,-26.114513981889214,800.0,0.0,800.0,800,800,-23.334540979876788,1.6544932788086646,-23.24827300841374,-30.492428047400136,-20.738065773238823,0.021232681271309655,0.010801147690464977,0.018415488302707672,0.005894480273127556,0.04792354255914688,5074.694889299502,2182.349229709328,4465.939835766108,2229.7071185084046,12510.159351725533,15.563100844621658,0.015256497747804784,15.565174579620361,15.543461799621582,15.589402198791504,6038025.53125,111685.55310807354,6049392.0,5890424.5,6225204.5
24,80000,158,2044.5499362945557,1017600,1272,5088,543.6377890149852,2.7181889450749255,32.0,32.0,800.0,0.0,800.0,800,800,-29.869807035359944,2.703752781888304,-29.42929647424298,-47.64887711731436,-25.571919380892584,800.0,0.0,800.0,800,800,-23.09851478336499,1.5126037756282071,-22.895006912417784,-30.492428047400136,-20.54593617241701,0.0017349725724974026,0.010062450168233514,-0.0008341465145349503,-0.011905202642083168,0.026081176474690437,5268.105921243163,2682.7342478534524,4575.920884077166,2072.4522257788894,17370.990607681128,15.491652756929398,0.034062688990853754,15.483115673065186,15.444764137268066,15.546863555908203,5630864.109375,192654.86220599373,5579234.25,5384482.5,5939066.0
24,80000,161,2083.0327804088593,1036800,1296,5184,498.92362276996056,2.494618113849803,32.0,32.0,800.0,0.0,800.0,800,800,-29.744776534522916,2.8826161195653666,-29.119285694928486,-44.11749314467879,-25.571919380892584,800.0,0.0,800.0,800,800,-23.097278550342484,1.7064960096875517,-22.681706174561103,-30.165660223335973,-20.54593617241701,0.08286957844393328,0.05065882834281749,0.09264669567346573,0.0010667303577065468,0.17927461862564087,6641.846277603363,3105.2117992388794,5653.936320277971,3047.1971200935545,17236.117882659993,15.422539740800858,0.014182054317104035,15.426592350006104,15.396827697753906,15.4440336227417,5281125.833333333,76124.30173707077,5312314.25,5131887.5,5381279.5
24,80000,164,2118.6691410541534,1056000,1320,5280,538.7755554251687,2.6938777771258433,32.0,32.0,800.0,0.0,800.0,800,800,-30.38720122225466,5.674521178661244,-29.119285694928486,-76.36903051218925,-25.571919380892584,800.0,0.0,800.0,800,800,-23.319490118637315,2.054387292836973,-22.814145602858368,-32.59247594933773,-20.54593617241701,0.13361131506583965,0.09394447439980322,0.11098698899149895,0.018667692318558693,0.40423181653022766,15142.976613043546,12480.118076033072,10756.56702910866,3332.805228175169,60220.44429858653,15.39171846707662,0.009349639326376795,15.395092487335205,15.366703987121582,15.401300430297852,5123991.5,31532.887585655448,5128727.0,5038257.0,5166268.0
24,80000,167,2152.1763265132904,1075200,1344,5376,573.0114223832672,2.865057111916336,32.0,32.0,800.0,0.0,800.0,800,800,-30.045269246241542,5.628403685123461,-28.876108397558397,-76.36903051218925,-24.881215397578483,800.0,0.0,800.0,800,800,-23.144210931406946,1.9553604715626705,-22.786809809870483,-32.59247594933773,-20.098276362705402,0.011452330266668772,0.0172359997888915,0.010209052823483944,-0.017942901700735092,0.051785122603178024,8681.358541354773,6026.685342118694,6529.212551737885,2516.6873462198155,29579.670101087922,15.354290535052618,0.007133340217718203,15.353227138519287,15.339249610900879,15.365883827209473,4998610.71875,42328.26779801263,5005299.75,4901180.0,5051677.0
24,80000,170,2188.8039679527283,1094400,1368,5472,524.1942763840343,2.6209713819201714,32.0,32.0,800.0,0.0,800.0,800,800,-29.843440873036197,5.661681706857347,-28.541796750228333,-76.36903051218925,-24.881215397578483,800.0,0.0,800.0,800,800,-23.050911503873863,1.9817593794052195,-22.732492268109507,-32.59247594933773,-20.098276362705402,-0.00031357364302190643,0.016148954061654446,0.0008718869648873806,-0.0294742900878191,0.03434349223971367,4093.866562155819,1613.2841000802475,3630.8521239721567,1867.4292912694732,8879.03455403286,15.319423715273539,0.016749110707007752,15.323776245117188,15.27465534210205,15.338696479797363,4764326.135416667,97514.70702990137,4776148.75,4529741.0,4897692.0
24,80000,173,2227.8008840084076,1113600,1392,5568,492.3466248609627,2.4617331243048133,32.0,32.0,800.0,0.0,800.0,800,800,-29.57056674777066,5.671949122240161,-28.4395007610549,-76.36903051218925,-24.881215397578483,800.0,0.0,800.0,800,800,-22.88274481351972,1.9965254426556749,-22.40663972510541,-32.59247594933773,-20.098276362705402,0.03497450129361823,0.026871723195379532,0.03781583532691002,-0.009168515913188457,0.10058394819498062,8309.4265788236,4633.790564675054,7254.699415992711,2625.813391751805,21972.66054727472,15.257614841063818,0.014460319450897277,15.265593528747559,15.235182762145996,15.274012565612793,4479646.838541667,43751.28360054462,4491294.25,4412967.0,4537060.0
24,80000,176,2264.2951834201813,1132800,1416,5664,526.1095653148983,2.6305478265744915,32.0,32.0,800.0,0.0,800.0,800,800,-28.47355185951238,2.487159505022652,-28.00205308560018,-43.48356855088895,-24.881215397578483,800.0,0.0,800.0,800,800,-22.464605736503117,1.4971225290883174,-22.156095195787543,-30.289295819650842,-20.098276362705402,-0.0028250438529842845,0.00947321229429162,-0.005403807852417231,-0.01544253807514906,0.019255701452493668,4930.035614834489,2498.33272760822,4126.205395933335,2166.2757685371553,15704.009536691288,15.217733800411224,0.022715612989137924,15.223968505859375,15.179771423339844,15.243404388427734,4327910.747395833,93495.40077609805,4354129.25,4167691.0,4431604.0
24,80000,179,2300.4231340885162,1152000,1440,5760,531.4444812068516,2.6572224060342577,32.0,32.0,800.0,0.0,800.0,800,800,-28.122795039534832,2.4505437455695196,-27.590086327753742,-43.48356855088895,-24.961547090264638,800.0,0.0,800.0,800,800,-22.283154533637568,1.4611242473088355,-21.94686368908122,-30.289295819650842,-20.259755632067595,-0.010417526422922188,0.008924457797626987,-0.012449794914573431,-0.0227341391146183,0.013856811448931694,4448.393028506973,2116.258372275622,4009.7580536274418,1828.3281410441023,13907.413115463705,15.154985944430033,0.015204097896009216,15.154716491699219,15.1304349899292,15.179343223571777,4055010.0338541665,56871.17113047796,4044922.625,3968401.0,4165272.25
24,80000,182,2336.0335597991943,1171200,1464,5856,539.1679435677937,2.6958397178389686,32.0,32.0,800.0,0.0,800.0,800,800,-28.26216408408748,3.495652716385009,-27.574673904180976,-53.179401692291414,-24.01271268743579,800.0,0.0,800.0,800,800,-22.385307406733496,1.7195171782876821,-22.01382332804166,-31.47581873744107,-19.83921580180436,0.048279083789869524,0.0680574296632716,0.009969665668904781,-0.014854864217340946,0.20382706820964813,6902.394555038473,4316.144442185445,5526.690460602136,2332.4652788536446,23882.782232608217,15.112130979696909,0.01832077889784695,15.114277362823486,15.086584091186523,15.133550643920898,3921917.90625,60345.54318801493,3932461.75,3835375.0,4000385.5
24,80000,185,2372.3320384025574,1190400,1488,5952,528.9477889638363,2.644738944819182,32.0,32.0,800.0,0.0,800.0,800,800,-30.316998597454184,24.24205982661192,-27.318938152120197,-269.31421276366024,-23.706157610676208,800.0,0.0,800.0,800,800,-22.429032645024748,2.7979444737145927,-21.958365409105852,-45.14283076790162,-19.404912812952436,0.3037091592656604,0.5039202993565186,0.03676673769950867,-0.007704638876020908,2.6609866619110107,52159.01362817239,72614.67312336492,14114.64096292986,3286.495630466662,335373.036587737,15.083359261353811,0.011542700747018783,15.083610534667969,15.059914588928223,15.099359512329102,3777588.8932291665,51448.86209526995,3807688.5,3670792.75,3832760.0
24,80000,188,2408.908188343048,1209600,1512,6048,524.9322312829081,2.62466115641454,32.0,32.0,800.0,0.0,800.0,800,800,-30.074409551619922,24.247691586995924,-27.206290308932047,-269.31421276366024,-23.706157610676208,800.0,0.0,800.0,800,800,-22.350354945802987,2.762797301660779,-21.921763719753475,-45.14283076790162,-19.404912812952436,0.01465354307826298,0.011418340337135303,0.014557520858943462,-0.0031938469037413597,0.0442395955324173,5281.579920560905,2664.3982018035563,4498.490402189758,2607.985850805861,19681.726275032295,15.010723541180292,0.021004918449171475,15.00055980682373,14.992515563964844,15.0591459274292,3506253.5755208335,68293.51426396427,3469867.0,3447342.0,3668286.5
24,80000,191,2444.1064834594727,1228800,1536,6144,545.4809653846193,2.7274048269230966,32.0,32.0,800.0,0.0,800.0,800,800,-30.375975512378023,24.75783960572524,-27.017586609553565,-269.31421276366024,-23.706157610676208,800.0,0.0,800.0,800,800,-22.407832060048133,3.210454663453782,-21.75893655123899,-45.14283076790162,-19.404912812952436,0.0808126382859579,0.12608008046067182,0.006036154460161924,-0.017250824719667435,0.4412964880466461,14154.965514081588,15211.93261062042,6689.3886697701455,2424.32364412571,73374.6621915124,14.941052873929342,0.031411799460616376,14.936110973358154,14.901220321655273,14.994305610656738,3278946.3359375,102404.90076661667,3252481.625,3164562.0,3462121.0
24,80000,194,2478.0637118816376,1248000,1560,6240,565.4171701324003,2.8270858506620016,32.0,32.0,800.0,0.0,800.0,800,800,-29.88860142624674,24.674909388469054,-26.717611340385478,-269.31421276366024,-23.706157610676208,800.0,0.0,800.0,800,800,-22.159917379568515,3.0755495975650593,-21.571946992657356,-45.14283076790162,-19.404912812952436,0.008595727898258096,0.016322672980915172,0.004396724049001932,-0.012881379574537277,0.06099767982959747,6446.386683068845,4353.897035777881,5276.474431141529,2003.9807586093239,22732.703090849038,14.842268804709116,0.028408208130068145,14.834080696105957,14.809992790222168,14.901140213012695,2981214.8567708335,95564.32374070302,2955026.875,2861739.75,3173733.75
24,80000,197,2510.8615806102753,1267200,1584,6336,585.4038919070184,2.927019459535092,32.0,32.0,800.0,0.0,800.0,800,800,-27.297579607610995,5.407831159773526,-26.581045053813025,-79.02646867026287,-24.063206979460787,800.0,0.0,800.0,800,800,-21.86740609444369,1.964146824639388,-21.56191825931767,-38.625055167572924,-19.749857664573046,-0.007928482276232293,0.01076600582665525,-0.009043748956173658,-0.024354834109544754,0.01917559653520584,4847.586722181768,2215.782927734966,4118.465661980187,2092.971613791355,14174.057479068919,14.742176552613577,0.037932940213840784,14.735936641693115,14.692468643188477,14.80972671508789,2668169.625,103085.72861913915,2649437.5,2542174.5,2860373.75
24,80000,200,2543.5658044815063,1286400,1608,6432,587.0801299427767,2.935400649713883,32.0,32.0,800.0,0.0,800.0,800,800,-27.003911036122616,5.423610058994942,-26.376561079626402,-79.02646867026287,-24.09778118149936,800.0,0.0,800.0,800,800,-21.699923767206222,1.9563375565940606,-21.479465541746396,-38.625055167572924,-19.86082908762629,-0.0022229389287531376,0.011092836902638441,-0.0016009630635380745,-0.023051396012306213,0.021597785875201225,4101.368091231504,1595.820564991309,3733.7850335313524,1874.4658874549054,9102.751215802948,14.64901876449585,0.027415993807168616,14.649850845336914,14.599599838256836,14.691946029663086,2424772.6015625,73320.67079688319,2422064.625,2305756.25,2541054.0
23,80000,203,2579.639266014099,1305600,1631,6528,532.2472306310995,2.6612361531554973,32.0,32.0,800.0,0.0,800.0,800,800,-28.93969764510777,20.729306560349986,-26.438364269421797,-228.04921920492856,-23.994928076954608,800.0,0.0,800.0,800,800,-21.897424985346216,2.7948532134727317,-21.47704012657394,-41.9107298920097,-19.76038454540711,0.21562050166539848,0.37475896943613984,-0.0027938303537666798,-0.019253520295023918,1.7935881614685059,39629.03929542608,60525.33448220711,5248.93524650877,1885.1670995799707,268753.7677712564,14.556140452623367,0.020752010195343132,14.5516939163208,14.533853530883789,14.598877906799316,2223222.0130208335,42472.19441572876,2210552.25,2172360.25,2304691.0
25,80000,206,2614.4462416172028,1324800,1656,6624,551.6135678932125,2.7580678394660625,32.0,32.0,800.0,0.0,800.0,800,800,-28.128261550147226,20.13104281347596,-26.024802345775456,-228.04921920492856,-23.994928076954608,800.0,0.0,800.0,800,800,-21.569189279198802,2.220718493813819,-21.292017335235577,-41.9107298920097,-19.76038454540711,-0.002167932145918409,0.016363428028108945,-0.006609998177736998,-0.02188338339328766,0.05878279358148575,9196.389955708075,8468.642038673575,6600.3585423808645,2643.4619698156016,40237.23999491619,14.500201841195425,0.02263083523039224,14.495587825775146,14.462492942810059,14.536948204040527,2138118.6263020835,46192.51142041702,2136868.625,2051915.375,2205902.5
24,80000,209,2646.9339373111725,1344000,1680,6720,590.9929771831694,2.954964885915847,32.0,32.0,800.0,0.0,800.0,800,800,-27.900520407133303,20.157108718451518,-25.648024489620212,-228.04921920492856,-23.43273159353583,800.0,0.0,800.0,800,800,-21.440008000648408,2.23781423407896,-21.060387086245306,-41.9107298920097,-19.44864592638804,-0.005423099413746968,0.009733587209443902,-0.00627921475097537,-0.020954865962266922,0.019488729536533356,4670.298610840605,1819.2882398942374,4452.284312300892,2174.0099726798803,10926.947476755584,14.441165655851364,0.00911785351245549,14.440713882446289,14.418203353881836,14.461584091186523,2012378.98046875,17364.849708774043,2014585.875,1965036.75,2049643.25
24,80000,212,2680.894793510437,1363200,1704,6816,565.3567709643258,2.8267838548216293,32.0,32.0,800.0,0.0,800.0,800,800,-27.969335128110725,20.157145465413276,-25.781284913336208,-228.04921920492856,-23.43273159353583,800.0,0.0,800.0,800,800,-21.482832330577967,2.270229305327053,-21.060387086245306,-41.9107298920097,-19.44864592638804,0.0023109171500739953,0.01521717437882531,-0.00042892806231975555,-0.02134009636938572,0.0374569371342659,4068.7331810147384,1433.2104453149761,3746.320128112495,1956.2609830286817,8363.984302988825,14.362421482801437,0.03366617853628708,14.36188793182373,14.309146881103516,14.417176246643066,1863743.1848958333,56570.593873419784,1857985.1875,1776719.375,1963118.375
